username,created_at,lng,lat,text,,,,
SHRIYUTSHANDIL1, Tue Jan 26 21:02:06 +0000 2021,82.932955,25.373376, https://t.co/uyn7Mn3O7Aрд╕рд╛рдВрдбрдкрддреНрддрд┐ рдирд╣реАрдВ рдХрд░реЛ рдЧреБрд░реБрдХрдврд╝рд╛ рджреЗрдЦреЛ.. рдХрд╛рдБрдЪрд╛ рд╕реА рдиреИрдирд╛ рдиреБ рдлрд╛рдбрд╝ рдХреЗрдЦрд╝рд╛рд▓рд┐рд╕реНрддрд╛рдиреА рд▓рд┐рдЦрд╛ рд╣реИ..рдХреБрддреНрддреЛрдВтАж https://t.co/Yj5eegtqga ,,,,
tanzeel_azam, Tue Jan 26 21:02:09 +0000 2021,67.042194,24.905076, @SyedaSays__ Sahi fermaya ,,,,
GRV8532823232, Tue Jan 26 21:02:18 +0000 2021,79.507652,26.46399, рдЗрди рднрд┐рдВрдбрд░рд╡рд╛рд▓рд╛ рдХреА рдФрд▓рд╛рджреЛрдВ рдХреЛ рдЕрдЧрд░ рдЕрднреА рд╕рдмрдХ рдирд╣реАрдВ рд╕рд┐рдЦрд╛рдпрд╛ @AmitShah @narendramodi @DelhiPolice рддреЛ рд╣рд░ рдХрд╛рдиреВрди рдХреЗ рдмрд╛рдж рдПрдХ рдЖрдиреНрджреЛрд▓тАж https://t.co/kPsZFrtU0t ,,,,
shreyansh_bwr, Tue Jan 26 21:02:21 +0000 2021,74.308757,25.947998, @parashar_com @ashishsood_bjp Vimal ji try the Masks by MASK ON These are the most comfortable anti fog mask, youтАж https://t.co/20TCh5stTf ,,,
ahsaan_wajid, Tue Jan 26 21:02:22 +0000 2021,67.042194,24.905076, ЁЯШн https://t.co/aSSpmj9nmI ,,,,
finepatriot1, Tue Jan 26 21:02:25 +0000 2021,85.853412,20.249108, This man and Rakesh Tikait should be immediately arrested and put in police custody. ,,,,
RAMACHA24314095, Tue Jan 26 21:02:26 +0000 2021,78.1131,9.9251, Just posted a photo @ Madurai, India https://t.co/Uq21X5QQWP ,,,
mazharmianwali, Tue Jan 26 21:02:28 +0000 2021,67.01,24.86, What is this place.█М█Б ┌й┘И┘Ж╪│█М ╪м┌п█Б █Б█Т @ Karachi, Pakistan https://t.co/GNG0hNWqpE ,,,
chetanshendge, Tue Jan 26 21:02:39 +0000 2021,73.884382,18.520764, @Anuj_Speaks27 @Nilesh_P_Z @Am_here_DURGA @MJ__Speaks @SahilVastad ЁЯСМЁЯСМЁЯСМЁЯСНЁЯСНЁЯЩПЁЯЩП ,,,,
BsMahadev2, Tue Jan 26 21:02:40 +0000 2021,85.102038,25.569474, @SHIFUJIJAIHIND рдЬрд┐рд╕ рддрд┐рд░рдВрдЧреЗ рдХреЛ рдЖрдЬ рдПрдХ рд╕рд░рджрд╛рд░ рдиреЗ рдирд╛рд▓реЗ рдореЗ рдлреЗрдХрд╛ рд╣реИ рдЙрд╕реА рддрд┐рд░рдВрдЧреЗ рдХреЗ рд▓рд┐рдП рдПрдХ рд╕рд░рджрд╛рд░ ( рднрдЧрдд рд╕рд┐рдВрд╣ ) рдлрд╛рдВрд╕реА рдкрд░ рдЪрдврд╝тАж https://t.co/b9iEEzQ7U2 ,,,,
zEsHan_xafar, Tue Jan 26 21:02:40 +0000 2021,67.042194,24.905076, #BesHak ЁЯзбЁЯЦд https://t.co/7OcV5wnQjF ,,,,
DasRaju76, Tue Jan 26 21:02:49 +0000 2021,72.874244,19.17414, @Mjnidhi ЁЯТеЁЯТеЁЯТеЁЯТеЁЯТеЁЯТеЁЯТеЁЯТеЁЯТеЁЯТеЁЯФеЁЯФеЁЯФеЁЯФеЁЯФеЁЯФеЁЯФеЁЯФеЁЯФеЁЯФеЁЯФеЁЯФеЁЯФеЁЯФе ,,,,
GovandiCell, Tue Jan 26 21:02:51 +0000 2021,72.874244,19.17414, Actually the corruption is involved here since @mybmc not taking action on such illegal tower which spread RadiatioтАж https://t.co/8qsJQAa0d1 ,,,,
Chakradhar2311, Tue Jan 26 21:03:07 +0000 2021,85.853412,20.249108, Execute these #traitors publicly ! ,,,,
RohailBme, Tue Jan 26 21:03:18 +0000 2021,68.889159,26.116357, ╪│┘Ж╪п┌╛ ┌й█Т ┘И╪▓█М╪▒╪з╪╣┘Д█М ╪│█Т ╪м┘И╪з╪и ┘Е╪з┘Ж┌п┘Ж█Т ┘И╪з┘Д┘И┌║ ┌й┘И ╪з╪│ ┘Ж╪з╪н┘В ╪м╪и╪▒█М ┘В╪к┘Д ┌й╪з ╪м┘И╪з╪и ╪п█М┘Ж╪з █Б┘И┌п╪з╪М ╪╣┘Е╪▒╪з┘Ж ┘Ж╪┤╪ж█М ╪│┘Д█М┌й█М┘╣┌И ┘Ж╪з╪з█Б┘Д ┘Ж╪з┘Д╪з╪ж┘В ╪и╪з┘Ж╪п╪▒тАж https://t.co/XeAli1wszX ,,,,
imranpathanzai, Tue Jan 26 21:03:18 +0000 2021,68.358871,25.375386, ╪н█М╪п╪▒╪в╪и╪з╪п ┘Е█М┌║ 9┘Б╪▒┘И╪▒█М ┌й┘И ┘╛█М ┌И█М ╪з█М┘Е ┌й█Т ╪к╪н╪к █Б┘И┘Ж█Т ┘И╪з┘Д█Т ╪м┘Д╪│█Т ┌й█М ╪и┌╛╪▒┘╛┘И╪▒ ╪к█М╪з╪▒█М ╪м╪з╪▒█М █Б█М┌║ ╪з┘Ж╪┤╪з╪б╪з┘Д┘Д█Б ╪з┘╛┘Ж█Т ┘Е╪н╪и┘И╪и ┘В╪з╪ж╪п ╪и┘Д╪з┘Д ╪и┌╛тАж https://t.co/5cuqdmcUi9 ,,,,
shreyansh_bwr, Tue Jan 26 21:03:21 +0000 2021,74.308757,25.947998, @GouravM59522882 @ashishsood_bjp Gourav try the Masks by MASK ON These are the most comfortable anti fog mask, youтАж https://t.co/U9Xu7yevrE ,,,
RealtyNetworks, Tue Jan 26 21:03:29 +0000 2021,67.042194,24.905076, @vijayat003 Neither You Do Your Research Or Homework Nor You Prepared Your Questions Properly &amp; You AccusedтАж https://t.co/lFXyAcSF3x ,,,,
mazharmianwali, Tue Jan 26 21:03:31 +0000 2021,67.01,24.86, What is this place.█М█Б ┌й┘И┘Ж╪│█М ╪м┌п█Б █Б█Т @ Karachi, Pakistan https://t.co/rzcvNEWyh8 ,,,
deepas666, Tue Jan 26 21:03:34 +0000 2021,79.515566,11.973499, @HRajaBJP Konja naal la odi oliya poraa nee paesu ma raja paesuЁЯдгЁЯдгЁЯдг ,,,,
BhayaLal, Tue Jan 26 21:03:40 +0000 2021,73.192355,19.270371," рдРрд╕рд╛ рд▓рдЧрддрд╛ рд╣реИ ""рд╕реБрдкреНрд░реАрдо рдХреЛрд░реНрдЯ"" рд╕рд┐рд░реНрдлрд╝ рдореБрд╕рд▓рдорд╛рдиреЛрдВ", рдЖрддрдВрдХрд╡рд╛рджрд┐рдпреЛрдВ рдФрд░ рдХрд╛рдВрдЧреНрд░реЗрд╕ рдХреЗ рд▓рд┐рдП рдХрд╛рдо рдХрд░рдиреЗ рд╡рд╛рд▓реА рд╕рдВрд╕реНрдерд╛ рд╣реИ... рдЬрд┐рд╕рдХрд╛ рд╣рд░ рд╕тАж https://t.co/UdEuoeejXo ,,,
Mameyyyy, Tue Jan 26 21:03:52 +0000 2021,73.226307,3.201397, @dervisione @OfficialFPL Balls of diamond. ,,,,
mazharmianwali, Tue Jan 26 21:03:52 +0000 2021,67.01,24.86, What is this place.█М█Б ┌й┘И┘Ж╪│█М ╪м┌п█Б █Б█Т @ Karachi, Pakistan https://t.co/ta4LNcsri0 ,,,
ahsaan_wajid, Tue Jan 26 21:03:53 +0000 2021,67.042194,24.905076," @thatssoshannen ""And There goes me lighting up my cigarette"" ",,,,
wasiakram3, Tue Jan 26 21:04:13 +0000 2021,86.480556,22.614012, @pinkichaubey рдЗрддрдиреА рдорд╣рдВрдЧрд╛рдИ рдореЗрдВ рдХреМрди рдЗрд╕реНрддреАрдлрд╛ рджреЗрддрд╛, ,,,
shreyansh_bwr, Tue Jan 26 21:04:24 +0000 2021,74.308757,25.947998, @bhushan_S_upca @ashishsood_bjp Bhushan ji try the Masks by MASK ON These are the most comfortable anti fog mask,тАж https://t.co/6QpOYQuMl3 ,,,
BigeyBrow, Tue Jan 26 21:04:29 +0000 2021,73.226307,3.201397, ЁЯШВЁЯШЛ ,,,,
SHRIYUTSHANDIL1, Tue Jan 26 21:04:32 +0000 2021,82.932955,25.373376, @arslank77 @MajorPoonia рдЪрд░рд╕ рдлреВрдВрдХреЗ рд╣реЛ рдХрд╛ рднрдИрдпрд╛ /?рдХрдо рд╕реЗ рдХрдо рднрд╛рд░рддреАрдп рд╕реЗрдирд╛ рдХреЛ рддреЛ рдордд рдмрд╛рдВрдЯреЛрдРрд╕рд╛ рдХреБрдЫ рдирд╣реАрдВ рд╣реИ.. рдХреА рд╕рд┐рдЦ рдирд┐рдХрд▓тАж https://t.co/h2OlQQXah0 ,,,,
shailesh143love, Tue Jan 26 21:04:37 +0000 2021,71.291372,22.414713, Wo ruthe is kadar ki manaya na gayaDurr itne ho gye ki pas bulaya na gyaDil to dil tha samundar ka sahil nahinLiтАж https://t.co/KijW7iloox ,,,,
Sandeepawasth16, Tue Jan 26 21:04:37 +0000 2021,80.867555,27.139758, #KisanoKaGUNtantra ,,,,
RaghunathDad, Tue Jan 26 21:04:42 +0000 2021,87.714116,21.890379, @ndtv https://t.co/25ah4qJQkk ,,,,
Mustajab_zaidi, Tue Jan 26 21:04:48 +0000 2021,67.071986,24.879285, I'm glad to have a picture with you sir ЁЯШВ @ALIHAIDERFCMA  celebrity тЭд https://t.co/AknmklzrUb ,,,,
KulamaniMishra7, Tue Jan 26 21:04:53 +0000 2021,84.776941,22.245946, Sukhpreet ji my regards for your thoughts. ,,,,
zephyrzealot, Tue Jan 26 21:04:59 +0000 2021,67.042194,24.905076, Consensus is that im more masi and maili than i was 8 years ago. I h8 u awl :-) https://t.co/JGEu5kjqmI ,,,,
GovandiCell, Tue Jan 26 21:05:04 +0000 2021,72.874244,19.17414, @mybmc @MumbaiPolice @AndFootpath @gallinews @mybmcRoads @mybmcWardME @QuintMyReport @mybmcBridges @mayor_mumbaiтАж https://t.co/JUcKFzIJXO ,,,,
tahsinfatima9, Tue Jan 26 21:05:06 +0000 2021,68.889159,26.116357, ╪з┘Ж┌й█М █Б┘Е╪к ┌й┘И ╪│┘Д╪з┘Е ,,,,
AdityaS96869575, Tue Jan 26 21:05:15 +0000 2021,80.346063,26.405874, рдХрднреА рдирд╣реАрдВ.. рдЬрд┐рдиреНрд╣реЛрдВрдиреЗ рдРрд╕рд╛ рдХрд┐рдпрд╛ рд╡рд╣ рд╕рдм рдЧреБрдВрдбреЗ рдЖрддрдВрдХреА рдереЗ ,,,,
shailesh143love, Tue Jan 26 21:05:21 +0000 2021,71.291372,22.414713, Tuta hua phool khusbu de jata hai,Bita hua pal yaaden de jata hai,Har shakhs ka apna andaz hota hai,Koi zindgi mтАж https://t.co/6qaFH9RQek ,
BhagwanBishnoi7, Tue Jan 26 21:05:38 +0000 2021,73.87756,26.628415, Hii ,,,,
exuberant_guy, Tue Jan 26 21:05:51 +0000 2021,82.57378,18.862738, @barcacentre That's good news ! ,,,,
shailesh143love, Tue Jan 26 21:05:56 +0000 2021,71.291372,22.414713, рд╡реЛ рдкрддреНрдерд░ рдХрд╣рд╛рдБ рдорд┐рд▓реЗрдВрдЧреЗ рджреЛрд╕реНрддреЛрдВ   рдЬрд┐рд╕реЗ рд▓реЛрдЧ рджрд┐рд▓ рдкрд░ рд░рдЦ рдХрд░ рдПрдХ рджреВрд╕рд░реЗ рдХреЛ рднреВрд▓ рдЬрд╛рддреЗ рд╣реИрдВредShailesh parmar ,,,,
exuberant_guy, Tue Jan 26 21:06:06 +0000 2021,82.57378,18.862738, @goal New Coach. New Future. ,,,,
SHRIYUTSHANDIL1, Tue Jan 26 21:06:09 +0000 2021,82.932955,25.373376, https://t.co/u9K9L4Y0CpрдХрд┐рддрдирд╛ рдмрдврд╝рд╛ рд╡рд╛рд▓рд╛ рд╕реВрдЕрд░ рд╣реИ рдмреЗ ,,,,
tejarane, Tue Jan 26 21:06:11 +0000 2021,72.874244,19.17414, Superb fightback from the team after a disastrous start. #afc #SOUARS ,,,,
GovandiCell, Tue Jan 26 21:06:15 +0000 2021,72.874244,19.17414, Please take action on immediate ground..@mybmcWardME ,,,,
vishalshetty89, Tue Jan 26 21:06:22 +0000 2021,72.874244,19.17414, Lesson learned from Dot Com Bubble тАв Make Incremental AdvancesтАв Stay lean &amp; flexibleтАв Improve on the competitionтАж https://t.co/2ZylV6kEaD ,,,,
exuberant_guy, Tue Jan 26 21:06:22 +0000 2021,82.57378,18.862738, @FCBarcelona_cat Beast mode loading ЁЯФе ,,,,
KIMKTNAM, Tue Jan 26 21:06:30 +0000 2021,68.889159,26.116357, @AandhiMainPyaar iтАЩm gonna cry ЁЯШ┐ https://t.co/960otgXUdw ,,,,
zephyrzealot, Tue Jan 26 21:06:32 +0000 2021,67.042194,24.905076, @DigitalZarda I blew it off after the first episode. I mean... No techna, no flora (yet?), musa is an empath and thтАж https://t.co/52rwpwV96R ,,
sabirtanoli276, Tue Jan 26 21:06:34 +0000 2021,67.042194,24.905076, @KhurramBhatti01 ╪│┌Ж╪з╪ж█М ┌Ж┌╛┘╛ ┘Ж█Б█М ╪│┌й╪к█М ╪и┘Ж╪з┘И┘╣ ┌й█Т ╪з╪╡┘И┘Д┘И┌║ ╪│█Т ╪о┘И╪┤╪и┘И ╪в ┘Ж█Б█М ╪│┌й╪к█М ┌й╪и┌╛█М ┌й╪з╪║╪░ ┌й█Т ┘╛┌╛┘И┘Д┘И┌║ ╪│█Т ,,,,
ahsaan_wajid, Tue Jan 26 21:06:37 +0000 2021,67.042194,24.905076," So my dad casually making ""gajar ka halwa"" for the first time and making it the best one i ever had", just a casualтАж https://t.co/yrshRYqjr7 ,,,
shailesh143love, Tue Jan 26 21:06:40 +0000 2021,71.291372,22.414713, рд╡реЛ рдмреЗрд╡рдлрд╛ рд╣рдорд╛рд░рд╛ рдЗрдореНрддреЗрд╣рд╛ рдХреНрдпрд╛ рд▓реЗрдЧреАтАжрдорд┐рд▓реЗрдЧреА рдирдЬрд╝рд░реЛ рд╕реЗ рдирдЬрд╝рд░реЗ рддреЛ рдЕрдкрдиреА рдирдЬрд╝рд░реЗ рдЬрд╝реБрдХрд╛ рд▓реЗрдЧреАтАжрдЙрд╕реЗ рдореЗрд░реА рдХрдмрд░ рдкрд░ рджреАрдпрд╛ рдордд рдЬрд▓рд╛рдиреЗ рджреЗтАж https://t.co/A5g4W2RbGM ,,,,
mpudasainee, Tue Jan 26 21:06:50 +0000 2021,84.13302,28.39085, @_FPLtips Damn!!Your team ЁЯФеЁЯФеЁЯФе ,,,,
finepatriot1, Tue Jan 26 21:06:50 +0000 2021,85.853412,20.249108, These are crooked country breakers funded by our countries enemies. Should be deprived of Indian citizenship. ,,,,
true_yasir, Tue Jan 26 21:06:51 +0000 2021,67.042194,24.905076, @vijayat003 Neither You Do Your Research Or Homework Nor You Prepared Your Questions Properly &amp; You AccusedтАж https://t.co/EyknIpOgAe ,,,,
sarphireee, Tue Jan 26 21:06:57 +0000 2021,68.889159,26.116357, @Haider110_ AmeenJazakAllah ,,,,
AsadRashid08, Tue Jan 26 21:06:57 +0000 2021,68.889159,26.116357, @charles_watts Great half by xhaka ,,,,
AnuragVerma_SP, Tue Jan 26 21:06:59 +0000 2021,80.346063,26.405874, рдЭрдВрдбрд╛ рдлрд╣рд░рд╛рдиреЗ рд╡рд╛рд▓рд╛ рджреАрдк рд╕рд┐рджреНрдзреБ рдмреАрдЬреЗрдкреА рдХрд╛ рдХрд╛рд░реНрдпрдХрд░реНрддрд╛ рдирд┐рдХрд▓рд╛! https://t.co/lGYoGnf4fs ,,,,
Singh93Kv, Tue Jan 26 21:07:00 +0000 2021,80.867555,27.139758, рд╕рдВрд╡рд┐рдзрд╛рди рдХреА рдХреАрдордд рдХреБрдЫ рдпреВрдБ рдЪреБрдХрд╛ рд░рд╣рд╛ рд╣реБрдБ,рдЬрдореАрди рдкрд░ рдкрдбрд╝рд╛ рд╣реБрдБ рдФрд░ рд▓рд╛рдард┐рдпрд╛рдБ рдЦрд╛ рд░рд╣рд╛ рд╣реБрдБ...#KisanoKaGUNtantraтАж https://t.co/sbfrRuk5Ft ,,,
SumitCh31084985, Tue Jan 26 21:07:02 +0000 2021,87.857625,24.382461, #Happyrebublicday https://t.co/5jVsIRj8P2 ,,,,
harjit_boparai, Tue Jan 26 21:07:03 +0000 2021,78.420229,23.970895, @KanganaTeam @diljitdosanjh @priyankachopra https://t.co/WZDSB1bcIL ,,,,
KulamaniMishra7, Tue Jan 26 21:07:04 +0000 2021,84.776941,22.245946, Yes ред All background leaders ad front leaders must be bookedред@AmitShah @AmitShahOffice @rajnathsinghтАж https://t.co/cyie1Dn2fE ,,,,
badassthakurji, Tue Jan 26 21:07:09 +0000 2021,82.584181,19.938705, #TirangaAboveEverything ... #KisanAndolan https://t.co/TzbZ1QJLK9 ,,,,
mazherr, Tue Jan 26 21:07:17 +0000 2021,72.874244,19.17414, @14Djc Take the chance ,,,,
shailesh143love, Tue Jan 26 21:07:18 +0000 2021,71.291372,22.414713, тЭМрдЯреВрдЯреЗ рд╣реБрдП рд╕рдкрдиреЛ ЁЯСнЁЯШЭрдФрд░ рдЫреБрдЯреЗ рд╣реБрдП рдЕрдкрдиреЛрдВ ЁЯСмрдиреЗ рдорд╛рд░ рджрд┐рдпрд╛ ,рд╡рд░рдирд╛ рдЦрд╝реБрд╢реАЁЯТС рдЦреБрдж рд╣рдорд╕реЗ рдореБрд╕реНрдХреБрд░рд╛рдирд╛ЁЯШН рд╕рд┐рдЦрдиреЗ ЁЯФ▒рдЖрдпрд╛ рдХрд░рддреА рдереА.. ЁЯТЬ ЁЯШТрдЬрдЦреНрдореА ЁЯТФрджрд┐тАж https://t.co/k6Dq0wmMNF ,,,
BhagwanBishnoi7, Tue Jan 26 21:07:18 +0000 2021,73.87756,26.628415, рдЧрдгрддрдВрддреНрд░рддрд╛ рджрд┐рд╡рд╕ рдХреА рдЖрдк рд╕рдмрдХреЛ рд╣рд╛рд░реНрджрд┐рдХ рдмрдзрд╛рдИред рдореИрдВ рд╣рдореЗрд╢рд╛ рдЕрдкрдиреЗ рдЖрдк рдХреЛ рддрд┐рд░рдВрдЧреЗ рдХреЗ рд╕рд╛рде рджреЗрдЦрдирд╛ рдЪрд╛рд╣ рддрд╛ рд╣реВрдВред ЁЯЗоЁЯЗ│ЁЯЗоЁЯЗ│ЁЯЗоЁЯЗ│тАж https://t.co/YgFmi2vavs ,,,,
IbrahimSamyr, Tue Jan 26 21:07:25 +0000 2021,73.226307,3.201397, ЁЯЪи▐З▐ж▐З▐и▐Ц▐й▐З▐м▐Й▐░▐З▐м▐Ч▐░▐О▐ж▐З▐и ▐З▐о▐М▐░ ▐Д▐ж▐Н▐и▐Й▐й▐А▐ж▐Ж▐ж▐ж▐Б▐░ ▐Д▐й+ ▐Н▐н ▐Д▐н▐В▐к▐В▐░▐И▐м▐З▐м▐И▐м. ▐Н▐н ▐А▐ж▐Л▐и▐Ф▐з▐Ж▐к▐Г▐ж▐З▐░▐И▐ж▐В▐░ ▐З▐м▐Л▐н ▐В▐ж▐Й▐ж 7544759▐Й▐м▐Р▐м▐Ц▐к▐Ж▐к▐Г▐м▐З▐░▐И▐к▐Й▐жтАж https://t.co/gTediQ1pji ,,,,
Sidnaaz_suklafc, Tue Jan 26 21:07:25 +0000 2021,84.440852,20.188653, @NitaLoveSidNaaz @OfficialSidNaaz @ishehnaaz_gill @sidharth_shukla OMG what is thisЁЯШ▒ЁЯШ▒ ,,,,
BhayaLal, Tue Jan 26 21:07:29 +0000 2021,73.192355,19.270371, рдЖрдЬ рдЧрдгрддрдВрддреНрд░ рджрд┐рд╡рд╕ рдкрд░ Punjab рдХреЗ рд▓реЛрдЧреЛ рдиреЗ рд╕рд╛рдмрд┐рдд рдХрд░ рджрд┐рдпрд╛ рдХрд┐ рджреЗрд╢ рдХреА рдЕрд╕реНрдорд┐рддрд╛ рд╕реЗ рдЦреБрд▓реЗрдЖрдо рдХреИрд╕реЗ рдмрд▓рд╛рддреНрдХрд░ рдХрд░рддреЗ рд╣реИрдВ..! рд╕реБрдирд╛ рдХрд░рддреЗтАж https://t.co/2Oc3fnze8n ,,,,
shreyansh_bwr, Tue Jan 26 21:07:44 +0000 2021,74.308757,25.947998, @sanjeevsanyal Sanjeev ji try the Masks by MASK ON These are the most comfortable anti fog mask, you will love it,тАж https://t.co/XBnPOPWrC8 ,,
diksha_priyanka, Tue Jan 26 21:07:45 +0000 2021,86.520786,25.22269, рд╡рд╛рдордкрдВрдереА рдЬрд╣рд░реАрд▓реЗ рдирд╛рдЧ рдпреЛрдЧреЗрдиреНрджреНрд░ рдпрд╛рджрд╡ рдХрд╣рд╛рдВ рд╣реИ рддреВ ред рддреВрдиреЗ рдХреНрдпрд╛ рдХрд╣рд╛ рдерд╛ рдХрд┐ рдХреБрдЫ рднреА рдКрдВрдЪ рдиреАрдЪ рд╣реБрдпреА,рдирд┐рдпрдо рддреЛрдбреЗ рддреЛ рд╣рдорд╛рд░реА рдЬрд┐рдореНрдореЗрджрд╛тАж https://t.co/kBEp8Wf68e ,,,
Chakradhar2311, Tue Jan 26 21:07:52 +0000 2021,85.853412,20.249108, @AsYouNotWish @JibananandaRout рмПрморм┐рмдрм┐ рмжрм┐рмирнЗ рмирм╛рмЬрнА рммрм╛рм╣рм┐рмирнА рмЬрм░рнНрморм╛рмирнА рм╕рмВрм╕рмж рмжрмЦрм▓ рмХрм░рм┐рмерм┐рм▓рнЗ, рмЖрмЬрм┐тАМ рм╣рм╛рм░рнБ 'рмирм┐рмЖрмЬрнА' рммрм╛рм╣рм┐рмирнА рмПрморм┐рмдрм┐ рмХрм░рм┐тАж https://t.co/gah6uCGWRy ,,,
shailesh143love, Tue Jan 26 21:07:53 +0000 2021,71.291372,22.414713, Zindagi Main Kabhi Pyaar Karne Ka Man Ho ToApne Dukh Se Pyaar Karna KyunkiтАж.Duniya Ka Dastoor HaiтАжJise Jitna ChaтАж https://t.co/vxmMNX5Yye ,,,,
premdevgn, Tue Jan 26 21:07:56 +0000 2021,72.874244,19.17414, Congrats wishing the radiant and Beautiful talented, my heart queen superstar bollywood actress @deepikapadukone jтАж https://t.co/ToTTIjOOHP ,,,
Seabyside, Tue Jan 26 21:07:59 +0000 2021,77.556422,13.075209, рдЖрджрд░рдгреАрдп рдореЛрджреА рдЬреАред рдЖрдЬ рд░рд╛рдд рдмреЗрдЪреИрдиреА рдорд╣рд╕реВрд╕ рд╣реЛ рд░рд╣реА рд╣реИред рджрд┐рд▓ рд╕рд┐рд╣рд░ рд░рд╣рд╛ рд╣реИ рдХрд▓ рдХреА рд░рд╛рдЬрдзрд╛рдиреА рдореЗрдВ рд╣реБрдП рджрдВрдЧреЗ рдХреА рд╡рдЬрд╣ рд╣реИредред рдкреВрд░рд╛ рджреЗрд╢ рдЖрдкрдХреЗтАж https://t.co/6ipG3yr46P ,,,,
sufimusafir, Tue Jan 26 21:08:02 +0000 2021,74.628472,26.457994, Congratulations @ABlinken sb on becoming the 71st US Secretary of State @StateDept Greetings of Peace fromтАж https://t.co/tDOw14t1NF ,,,,
SHRIYUTSHANDIL1, Tue Jan 26 21:08:10 +0000 2021,82.932955,25.373376, @143143KR https://t.co/JDrbpT3m6E ,,,,
jayaprakash1971, Tue Jan 26 21:08:13 +0000 2021,80.764796,15.893908, @myself4AP ЁЯСНЁЯСНЁЯСН ,,,,
ahsaan_wajid, Tue Jan 26 21:08:15 +0000 2021,67.042194,24.905076, Hi. ЁЯСЙЁЯП╗ЁЯСИЁЯП╗ https://t.co/8cxyaYCgZ9 ,,,,
_kaustubhpawar, Tue Jan 26 21:08:19 +0000 2021,72.874244,19.17414, Zlatan rewinding the clock &amp; turning into an absolute dick from the late 2000s! ЁЯШС#milanderby #SerieA ,,,,
RohailBme, Tue Jan 26 21:08:19 +0000 2021,68.889159,26.116357, ┘Ж█М╪з╪▓█М ╪м┘И╪з╪и ╪п┘И╪╣┘Д█М ╪▓█М╪п█М ╪м┘И╪з╪и ╪п┘И╪┤█М╪о ╪▒╪┤█М╪п ╪м┘И╪з╪и ╪п┘И╪и┌С╪з ┘И┘Б╪з┘В ┘И┘Б╪з┘В ┌й╪▒╪к█Т █Б┘И╪М ╪з╪и ╪м┘И╪з╪и ╪п█М┘Ж╪з █Б┘И┌п╪з╪М┌й█Б╪з┌║ █Б█Т ╪▒█М╪з╪│╪к╪Я ┌й█Б╪з┌║ █Б█Т ╪к╪зтАж https://t.co/kyoqhdHsJl ,,,,
iJahangirAhmed, Tue Jan 26 21:08:20 +0000 2021,68.889159,26.116357, ┘Д╪з█Б┘И╪▒ █Ф ┘Ж█М╪и ┌й┘И╪▒┘╣ ┘Е█М┌║ ╪╡╪п╪▒ ┘╛╪з┌й╪│╪к╪з┘Ж ┘Е╪│┘Д┘Е(┘Ж) ┘Е█М╪з┌║ ╪┤█Б╪и╪з╪▓╪┤╪▒█М┘Б ╪│█Т ╪╡╪п╪▒ ┘╛╪з┌й╪│╪к╪з┘Ж ┘Е╪│┘Д┘Е ┘Д█М┌п(┘Ж) ┌й╪▒╪з┌Ж█М ┌И┘И█М┌Ш┘Ж ╪з┘Ж╪м█М┘Ж╪ж╪▒ ╪│┘Д┘Е╪з┘Ж ╪о╪з┘Ж ┌й█МтАж https://t.co/1qT6JSMfSr ,,,,
Shubh_brnw, Tue Jan 26 21:08:26 +0000 2021,83.563115,25.94505, Where is bollywood ??#DelhiUnderAttack ,,,,
wasif_omar, Tue Jan 26 21:08:32 +0000 2021,82.584181,19.938705, @sudhirchaudhary @rashtrapatibhvn https://t.co/HltUEhYCei ,,,,
PranawUpadhyay, Tue Jan 26 21:08:34 +0000 2021,81.644808,25.434179, рдпреЗ рдЙрди рдЕрдВрдзреЗ рдФрд░ рдмрд╣рд░реЗ рдмреЗрд╢рд░реНрдореЛрдВ рдХреЗ рд▓рд┐рдП рд╣реИ рдЬрд┐рдиреНрд╣реЗрдВ рдпреЗ рдЪреВрддрд┐рдпрд╛ рднрд╛рдЬрдкрд╛ рдХрд╛ рдХрд░реАрдмреА рд▓рдЧрддрд╛ рд╣реИред рдЕрдЧрд░ рдпреЗ рд▓реЛрдЧ рдЗрд╕ рд╡реАрдбрд┐рдпреЛ рдХреЛ рджреЗрдЦрдиреЗ рдХреЗ рдмрд╛тАж https://t.co/L0oPrEK3Mz ,,,,
BsMahadev2, Tue Jan 26 21:08:41 +0000 2021,85.102038,25.569474, @SHIFUJIJAIHIND Pls рднрд╛рд░рдд рдХрд╛ рд╕рдВрд╡рд┐рдзрд╛рди рдмрд╛рджрд▓реЛрдВ ЁЯЩПЁЯШеЁЯЗоЁЯЗ│ЁЯЗоЁЯЗ│ЁЯЫРЁЯЫР https://t.co/Xha1ulB7zW ,,,,
sticksnpedals, Tue Jan 26 21:08:47 +0000 2021,78.064109,8.75468, This gentleman and his reaction from driverтАЩs to passengerтАЩs seat ЁЯдк#faceexpressions #concentration #crazyfaceтАж https://t.co/ZbOXTMIXgD ,,,,
IamvenuGR7, Tue Jan 26 21:08:52 +0000 2021,76.319629,15.029557, @elonmusk https://t.co/7aaG57oMip ,,,,
shailesh143love, Tue Jan 26 21:08:54 +0000 2021,71.291372,22.414713, рдореЛрд╣рдмреНрдмрдд рдХрд╛ рдирддреАрдЬрд╛,рджреБрдирд┐рдпрд╛ рдореЗрдВ рд╣рдордиреЗ рдмреБрд░рд╛ рджреЗрдЦрд╛,рдЬрд┐рдиреНрд╣реЗ рджрд╛рд╡рд╛ рдерд╛ рд╡рдлрд╝рд╛ рдХрд╛,рдЙрдиреНрд╣реЗрдВ рднреА рд╣рдордиреЗ рдмреЗрд╡рдлрд╛ рджреЗрдЦрд╛.Shailesh parmar6359248107 ,
SHRIYUTSHANDIL1, Tue Jan 26 21:08:57 +0000 2021,82.932955,25.373376, рд╣реИрд▓реНрд▓реЛ рдореЛрдЯрд╛ рднрд╛рдИ рдПрдХ рдмрд╛рд░ рдмреЛрд▓рдХреЗ рддреЛ рджреЗрдЦрд┐рдпреЗ рдпреВрдкреА рдкреБрд▓рд┐рд╕ рджрд┐рд▓реНрд▓реА рдореЗрдВ рднреА рд╕реЗрд╡рд╛рдпреЗрдВ рджреЗ рд╕рдХрддреА рд╣реИ https://t.co/FJk1Ihvg55 ,,,,
RAJKUMA93864635, Tue Jan 26 21:09:06 +0000 2021,80.867555,27.139758, @Hanumavihari https://t.co/zYOfETVJ0X ,,,,
saikrishna_allu, Tue Jan 26 21:09:08 +0000 2021,80.764796,15.893908, Indian billionaires increased their wealth by 35% during the lockdown, says Oxfam reporthttps://t.co/xSldL6aCjU ,,,
shreyansh_bwr, Tue Jan 26 21:09:29 +0000 2021,74.308757,25.947998, @livingondedge @pranavmahajan @DrVikasPadha @rahulroushan @Nidhi @nishantchat @nishikant_dubey @satyanadellaтАж https://t.co/4KE6wnkEVN ,,,,
shailesh143love, Tue Jan 26 21:09:31 +0000 2021,71.291372,22.414713, рдЦреНрд╡рд╛рдм рд╣рдорд╛рд░реЗ рдЯреВрдЯреЗ рддреЛ рд╣рд╛рд▓рд╛рдд рдХреБрдЫ рдРрд╕реА рдереА, рдЖрдБрдЦреЗ рдкрд▓ рдкрд▓ рд░реЛрддреА ЁЯШн рдереАрдВ ,рдХрд┐рд╕реНрдордд рд╣рдБрд╕рддреА рд░рд╣рддреА рдереАЁЯШв ЁЯТФ ЁЯШТShailesh parmar6359248107 ,,
shreyansh_bwr, Tue Jan 26 21:09:37 +0000 2021,74.308757,25.947998, @MusaafirOnEarth @pranavmahajan @DrVikasPadha @rahulroushan @Nidhi @nishantchat @nishikant_dubey @satyanadellaтАж https://t.co/kOgD76jqO8 ,,,,
BhayaLal, Tue Jan 26 21:09:43 +0000 2021,73.192355,19.270371," рдХрд╛рд╢ !""Yogi ji"" рдХреЛ рдкрд╛рд╡рд░ рдорд┐рд▓ рдЧрдИ рд╣реЛрддреА рдЧрдгрддрдВрддреНрд░ рджрд┐рд╡рд╕ рд╕рдорд╛рд░реЛрд╣ рдХреЗ рд╕рдВрдЪрд╛рд▓рди рдХреА... рддреЛ рдЬрд┐рддрдиреЗ рд╕рд░рджрд╛рд░реЛрдВ рдиреЗ рддрд╛рдВрдбрд╡ рдордЪрд╛рдпрд╛ рдерд╛ рди... рд╕рдмтАж https://t.co/dcazByYAJF ",,,,
shreyansh_bwr, Tue Jan 26 21:09:49 +0000 2021,74.308757,25.947998, @Akshaymhs @pranavmahajan @DrVikasPadha @rahulroushan @Nidhi @nishantchat @nishikant_dubey @satyanadellaтАж https://t.co/VoNBwthIwb ,,,,
vick_twit, Tue Jan 26 21:09:50 +0000 2021,82.99649,25.33272, Just posted a photo @ рд╡рд╛рд░рд╛рдгрд╕реА - рдмрдирд╛рд░рд╕ - рдХрд╛рд╢реА https://t.co/gQ7cxY8TqN ,,,,
RohailBme, Tue Jan 26 21:09:50 +0000 2021,68.889159,26.116357, @SaeedaImtiaz @SabaHyder1 @ImranKhanPTI ╪к╪з╪▒█М┌й┘Р ╪з┘Ж╪│╪з┘Ж┘╛ ┘И╪з┘Д┘И┌║ ╪з╪и ╪м┘И╪з╪и ╪п┘И ╪з┘И╪▒ ╪з┘Ж╪╡╪з┘Б ╪п┘И╪М ,,,,
SalmanAliSays, Tue Jan 26 21:09:53 +0000 2021,67.042194,24.905076, Dil mein mere mehfooz horahaa haiWoh shakhs aaj bara mehsoos horaha hai-SalmanAliWrites ,,,,
shailesh143love, Tue Jan 26 21:10:00 +0000 2021,71.291372,22.414713, рд╣рдордиреЗ рднреА рдХрднреА рдкреНрдпрд╛рд░ рдХрд┐рдпрд╛ рдерд╛,рдереЛрдбрд╝рд╛ рдирд╣реА рдмреЗрд╢реБрдорд╛рд░ рдХрд┐рдпрд╛ рдерд╛,рджрд┐рд▓ рдЯреВрдЯ рдХрд░ рд░рд╣ рдЧрдпрд╛,рдЬрдм рдЙрд╕рдиреЗ рдХрд╣рд╛, рдЕрд░реЗ рдореИрдиреЗ рддреЛ рдордЬрд╝рд╛рдХ рдХрд┐рдпрд╛ рдерд╛тАжShailesh parmar6359248107 
shreyansh_bwr, Tue Jan 26 21:10:01 +0000 2021,74.308757,25.947998, @shaswatpandey15 @Akshaymhs @pranavmahajan @DrVikasPadha @rahulroushan @Nidhi @nishantchat @nishikant_dubeyтАж https://t.co/xqNK78WXzn ,,,,
Abhisek74140332, Tue Jan 26 21:10:05 +0000 2021,85.757382,19.829749, Defaming, we need to defame you ???ЁЯдгЁЯдгЁЯдгЁЯдгЁЯдгЁЯдгЁЯдгЁЯдг @UdayPratapSingh ,,,
aaitirairport, Tue Jan 26 21:10:08 +0000 2021,79.261047,13.596587, Republic day 2021. Flag hoisting at the airport and at AAI residential colony in Tirupati by Airport Director. LocaтАж https://t.co/zHVC18ojAv ,,,,
shreyansh_bwr, Tue Jan 26 21:10:14 +0000 2021,74.308757,25.947998, @ShrutiSambhar @WomanSci @pranavmahajan @DrVikasPadha @The_NehaJoshi @rahulroushan @Nidhi @nishantchatтАж https://t.co/m4WQC9UyIO ,,,,
harjit_boparai, Tue Jan 26 21:10:20 +0000 2021,78.420229,23.970895, https://t.co/vFUx0yMHkk ,,,,
mughal_sadab, Tue Jan 26 21:10:24 +0000 2021,80.985317,23.358947, Even though I don't know @svembu personally, I feel happy and proud that he has won #Padmashri because he is such aтАж https://t.co/Lobmf41B4h ,,,
RaeZugarr, Tue Jan 26 21:10:27 +0000 2021,73.226307,3.201397, Craving for ЁЯМо at this ungodly hour ЁЯШй ,,,,
ahsaan_wajid, Tue Jan 26 21:10:32 +0000 2021,67.042194,24.905076, Me tweeting tweets and then gets ignored and then this is what i feel... https://t.co/gC2LuhXuWg ,,,,
shreyansh_bwr, Tue Jan 26 21:10:39 +0000 2021,74.308757,25.947998, @ManOfTales @dharmicverangna @pranavmahajan @DrVikasPadha @rahulroushan @Nidhi @nishantchat @nishikant_dubeyтАж https://t.co/OpJo8wqDWa ,,,,
BhagwanBishnoi7, Tue Jan 26 21:10:44 +0000 2021,73.001124,26.268285, 72 рд╡реЗрдВ рдЧрдгрддрдВрддреНрд░ рджрд┐рд╡рд╕ рдХреЗ рд╢реБрдн рдЕрд╡рд╕рд░ рдкрд░ рд╕рдорд╕реНрдд рднрд╛рд░рдд рд╡рд╛рд╕рд┐рдпреЛрдВ рдХреЛ рдореЗрд░реА рддрд░рдл рд╕реЗ рд╣рд╛рд░реНрджрд┐рдХ рд╢реБрднрдХрд╛рдордирд╛рдПрдВред рдЬрдп рд╣рд┐рдиреНрдж рдЬрдп рднрд╛рд░рддред https://t.co/Y1Y7ebkqIw ,,,,
YogiFirangi, Tue Jan 26 21:10:57 +0000 2021,72.874244,19.17414, @BalloonsAppOtt @queensha111 @ParagSharma1983 @_star_key_ @ClarkJills @Thalakl1996 @Roman71977712 @RogerThomson878тАж https://t.co/c1jGYtHNxG ,,,,
hMh22726421, Tue Jan 26 21:10:58 +0000 2021,80.964027,24.549429, #ConstitutionOfTheSupremeGodрдордиреБрд╖реНрдп рдХреЛ рдзрд░реНрдо рдЬрд╛рддрд┐ рдореЗрдВ рд╡рд┐рднрд╛рдЬрд┐рдд рд╣реЛрдХрд░ рдЭрдЧрдбрд╝реЗ рдирд╣реАрдВ рдХрд░рдирд╛ рдЪрд╛рд╣рд┐рдПредрдЬрд╛рдд-рдкрд╛рдд рд╕рдм рдЭреВрда рд╣реИ, рднрд░рдо рдктАж https://t.co/ODNb4GElGO ,,,
AbhishekAnnmol, Tue Jan 26 21:10:59 +0000 2021,82.584181,19.938705, @workingboxwala Then follow @AmyraDastur93  u will come to know about new things. ,,,,
shreyansh_bwr, Tue Jan 26 21:11:00 +0000 2021,74.308757,25.947998, @JeffryJonThomas @pranavmahajan @DrVikasPadha @rahulroushan @Nidhi @nishantchat @nishikant_dubey @satyanadellaтАж https://t.co/N1WeAUh98J ,,,,
ahsaan_wajid, Tue Jan 26 21:11:11 +0000 2021,67.042194,24.905076, ЁЯШл https://t.co/SFAwuVdXqT ,,,,
shreyansh_bwr, Tue Jan 26 21:11:14 +0000 2021,74.308757,25.947998, @DKolwadkar @pranavmahajan @DrVikasPadha @The_NehaJoshi @rahulroushan @Nidhi @nishantchat @nishikant_dubeyтАж https://t.co/EaQ3o8zg8s ,,,,
finepatriot1, Tue Jan 26 21:11:22 +0000 2021,85.853412,20.249108, This driver forgot that he was driving a tractor and not a bike. ,,,,
shreyansh_bwr, Tue Jan 26 21:11:24 +0000 2021,74.308757,25.947998, @bizuwerk_senaye @pranavmahajan @DrVikasPadha @rahulroushan @Nidhi @nishantchat @nishikant_dubey @satyanadellaтАж https://t.co/YwZesITPkG ,,,,
shreyansh_bwr, Tue Jan 26 21:11:41 +0000 2021,74.308757,25.947998, @KyaFarq @pranavmahajan @DrVikasPadha @rahulroushan @Nidhi @nishantchat @nishikant_dubey @satyanadella @ManOfTalesтАж https://t.co/vYdUVALIMB ,,,,
ahsaan_wajid, Tue Jan 26 21:11:42 +0000 2021,67.042194,24.905076, ЁЯШнЁЯШнЁЯШнЁЯШВЁЯШВЁЯШВ https://t.co/bGIs1sSObe ,,,,
shailesh143love, Tue Jan 26 21:11:48 +0000 2021,71.291372,22.414713, Zaroori nahi ki jeene ka koyi sahara ho,Zaroori nhi ki jiske hum ho woh bhi humara ho,Kuchh kashtiyan doob jaya kтАж https://t.co/sp6LO47Ar9 ,,
Pohthu, Tue Jan 26 21:11:51 +0000 2021,73.226307,3.201397, @sakkoshareef Aan mee dhen dherakameh. Mi meehun beynun veema rahrashah dhaan ves vee. Qurantine eh novey. Goss ehтАж https://t.co/OnTGyDxgCm ,,,,
m3Dani, Tue Jan 26 21:11:59 +0000 2021,68.889159,26.116357, @easypaisa Done ,,,,
shreyansh_bwr, Tue Jan 26 21:12:00 +0000 2021,74.308757,25.947998, @ksplng @pranavmahajan @DrVikasPadha @rahulroushan @Nidhi @nishantchat @nishikant_dubey @satyanadella @ManOfTalesтАж https://t.co/Voss0omzPQ ,,,,
its_srinu, Tue Jan 26 21:12:01 +0000 2021,78.385285,17.395038, CM KCR on how YSR cheated Telangana : https://t.co/SwxUAjHz2c ,,,,
zephyrzealot, Tue Jan 26 21:12:02 +0000 2021,67.042194,24.905076, @bus_kerdou A warm colour palette topic look! Nice baggy printed shirt tucked in. And sandalsss.Or just solid blaтАж https://t.co/opQzvRt1sz ,,,,
RaghunathDad, Tue Jan 26 21:12:02 +0000 2021,87.714116,21.890379, @SuvenduWB @BJP4Bengal @DilipGhoshBJP @KailashOnline @shivprakashbjp @MenonArvindBJP @MukulR_Official @Amitava_BJPтАж https://t.co/m6Bu36DFbT ,,,,
sticksnpedals, Tue Jan 26 21:12:03 +0000 2021,78.064109,8.75468, This gentleman and his reaction from driverтАЩs to passengerтАЩs seat ЁЯдк#faceexpressions #concentration #crazyfaceтАж https://t.co/cbCi2Ubiik ,,,,
